x1,x2,y
-0.9473497381584802,0.17017160928653138,0.0
0.8987537929888818,-0.4640704756846836,1.0
0.7562240616482431,-0.49598670083170315,1.0
0.6057773841051435,0.8699692408765022,0.0
0.724254425379945,-0.49880095712965006,1.0
-1.0962031379022814,-0.05519958765813784,0.0
-0.18876940114550966,0.9575181675912103,0.0
-0.7818445279956945,0.5868008594416696,0.0
1.8749790702534201,0.0571688863274746,1.0
0.23855259330339448,-0.06306866536703168,1.0
1.9989800381562992,0.37107325235619587,1.0
0.8543283552173626,-0.46124086380609786,1.0
-0.9459760813296834,0.041497188175314045,0.0
0.03479705431236482,-0.04037139869395547,1.0
0.39896030126356663,-0.24427695828255303,1.0
0.9474839945740553,-0.5272106634970284,1.0
1.9160425167058408,0.17971251990944184,1.0
0.5161917187024394,-0.4316330221181806,1.0
-0.9396337577780655,0.3604350907156045,0.0
1.0099796889240207,0.13963635530255702,0.0
0.9999895565407647,0.24488573563790547,0.0
0.9406121178041094,0.15271018378638468,0.0
1.9275978911820095,0.40574421098884783,1.0
-0.7506710962319709,0.6139498778298828,0.0
-0.3753675473618663,0.9075597364658999,0.0
-0.2920745174006282,0.9319410602539481,0.0
0.7780819926252195,-0.4248111546450053,1.0
0.5127049753385393,0.8482321956181134,0.0
0.41982798143520567,0.9025491444674129,0.0
1.7749198309243708,-0.08001866642985295,1.0
0.7152168920383956,0.7293358485512259,0.0
0.6601961705599898,0.8144937970668951,0.0
0.08279202917255479,0.984370658356454,0.0
0.970739909870004,-0.5045779520607016,1.0
0.7003169998692574,-0.5079156549545958,1.0
0.4007570329647581,0.8789769110103348,0.0
1.8255622819928679,-0.030920466990416638,1.0
1.4340618656252115,-0.42472147113129444,1.0
-0.9822602055010659,0.42554372840932064,0.0
0.6397211370225171,-0.44824963616953645,1.0
0.10567571884167742,0.09339926351259997,1.0
1.8830628335178055,0.3007392265425675,1.0
-0.05232963335009694,1.0301081906466343,0.0
-0.795148330906523,0.26252479363001596,0.0
2.0236764598015453,0.3325357309097651,1.0
-0.8957375167711685,0.4719793982274453,0.0
-0.8739100883683681,0.4966222830110404,0.0
1.7462200728206225,-0.1631912255291087,1.0
-0.012812685775089212,0.4729239956589482,1.0
0.5286165771101863,-0.4480689749399817,1.0
0.6794923597450805,-0.43670971488076804,1.0
0.3129205941944969,-0.26595956534817966,1.0
0.08287550038721003,0.9445657105242046,0.0
0.032901235884822216,0.14413104028982174,1.0
0.4653497568671819,-0.4752598711126805,1.0
1.0751864952001366,-0.5024296508612929,1.0
1.925406740463941,0.020574089863286713,1.0
0.6418341925545341,-0.4537504893647648,1.0
-0.5714967057966642,0.9288599371618562,0.0
0.7957067144251599,0.5591165257545313,0.0
-0.5742117111962266,0.8684045142969955,0.0
-0.1520445924128185,1.0227875544144918,0.0
0.020098205966404225,0.4544273868395964,1.0
0.8508282423804949,0.71694778971566,0.0
-0.8370254170738849,0.5523920806088972,0.0
0.5536395674378234,-0.40363946746387097,1.0
-0.24264589183003896,0.9615676109694787,0.0
1.826699605115133,-0.010401958545684051,1.0
1.6361089314513741,-0.16503424876470957,1.0
0.16808007001844916,-0.025116356412187152,1.0
0.7433601517461748,-0.5173974659121863,1.0
1.0063777652320802,0.16947501049914046,0.0
0.4339184517786792,-0.40674506385981896,1.0
-0.8477666703954725,0.495902072844008,0.0
0.49314747140716025,-0.2765974375095316,1.0
-0.8060646162874319,0.5282771129823604,0.0
-0.009368760867335943,1.0082660757626636,0.0
0.15433033070835947,0.9940742708180199,0.0
-0.6959431528474065,0.7606388098020214,0.0
0.9766427377260534,0.3780422166534158,0.0
0.588206805633837,-0.39621428859519,1.0
2.0089512274482897,0.13889443994956469,1.0
-0.15469807125675716,0.9491274612739592,0.0
-0.9987431163864816,0.20584788589780384,0.0
-0.31340472402108227,0.9624820362118266,0.0
0.9519108407728563,0.22799986038685907,0.0
1.7769282115076845,-0.0635711344175943,1.0
1.2294805936010107,-0.3872008265153457,1.0
0.36011635177022217,0.8598080115742468,0.0
0.007882343268632484,0.3446054526512605,1.0
1.9059280211397778,0.20021701656468477,1.0
-0.26404644589904197,1.0074029260367283,0.0
1.097794455084945,-0.45951670359962915,1.0
0.25082527855629083,-0.17513050329968669,1.0
0.20894876947804586,-0.2015068792744963,1.0
0.4141869071108284,0.9477179389100849,0.0
2.0046188584162326,0.3668433303632298,1.0
-0.27290532948876245,0.9332718476143083,0.0
1.2327775875435032,-0.441022424133532,1.0
0.24353365183239947,0.9551645608690964,0.0
1.9794394478259474,0.3122399846577918,1.0
-0.14494047888914868,0.9480513031055864,0.0
0.4849059370095069,-0.21790344808096235,1.0
0.15902973760768851,-0.10747155871960905,1.0
1.591116931456116,-0.3902006376178895,1.0
1.3595003185502166,-0.38804827008374176,1.0
0.38886936105065795,-0.305867820493469,1.0
-0.7569970997364442,0.4773036499453163,0.0
1.9522434550952423,-0.07627781483545694,1.0
0.7041444983466847,0.7569613626854038,0.0
1.8569204537266926,0.037230388398596145,1.0
0.9480702885261036,0.35823132325860785,0.0
-0.10687615446138192,1.0267911445386952,0.0
0.13200037479560378,0.9738123198892067,0.0
1.7722457597517371,-0.24616484425469667,1.0
1.9930892719728979,0.472300494790056,1.0
0.41780213738192407,0.8382069125274625,0.0
-1.0659041022223679,0.1366570544781633,0.0
1.9639084792467703,0.1953818093641864,1.0
0.4271730448980668,0.8815270367181445,0.0
0.9637857355457667,-0.5268564192789364,1.0
0.06631563654201199,-0.004929604111089288,1.0
-0.4917438882525867,0.7847185468848938,0.0
2.0143517227154377,0.29938327330790465,1.0
1.0247618527900695,0.009000448718018434,0.0
2.0037098164576768,0.06108699252155997,1.0
0.9620718901060603,0.4632013026867097,0.0
-0.9619026988068307,0.09681343025039976,0.0
1.8921925984215013,0.05447204107848981,1.0
1.426765815683039,-0.3713169474695146,1.0
-0.4125808167241684,0.8739919000663581,0.0
-0.9802499255915496,0.38573682729386005,0.0
-0.5381707853938781,0.8973292004735031,0.0
-0.8921846692200355,0.5296586022049132,0.0
0.0889853567533881,0.9587604292351141,0.0
1.760769291949826,-0.11794991112369814,1.0
-1.074594316205063,0.11119385472264916,0.0
0.2435402775158667,-0.24863615526070842,1.0
0.6052411996904926,-0.45820362726205527,1.0
-0.06531511656158899,1.0105995377823618,0.0
0.06813813363534948,0.278314854535289,1.0
0.9832458732137703,0.4775720495942638,0.0
-0.6884634428451841,0.6656065120920579,0.0
-0.1701146058693543,1.0114608281779036,0.0
0.10768580702896319,0.1475421107613381,1.0
0.7164359991797605,0.7334891528773915,0.0
1.0165664469672033,0.1975448390352415,0.0
0.8001210916400061,0.50678788831152,0.0
1.7653055518906404,-0.1516179865928613,1.0
1.079901539819954,-0.4059652780535583,1.0
-0.6564377021000352,0.6404010356422503,0.0
0.12389380449171608,0.9445012244170592,0.0
0.10310737773671849,0.929433736187229,0.0
-0.4123254697475916,0.9270996196555092,0.0
0.1696424539884749,-0.05328189006560279,1.0
1.3017825581432383,-0.5335027397629104,1.0
0.9708006815089805,0.28377808020862044,0.0
0.2616137099970378,-0.11216380008259316,1.0
1.158636450943007,-0.3952267499429527,1.0
1.8610877820839007,0.03287875631705565,1.0
0.9006582923192915,-0.46502967714398874,1.0
0.1841121489799555,-0.027792712583163647,1.0
-0.08612380132389402,0.5506282843509979,1.0
1.002571155916969,0.14555626719366724,0.0
0.707873022495418,0.731205563167138,0.0
0.04938067567537086,0.42969453883883785,1.0
1.976737032105477,0.11314669479329448,1.0
1.6635603034553723,-0.1303720112403873,1.0
-0.18059949109057685,0.9675883851131635,0.0
0.5474219731791576,-0.4086005740668418,1.0
0.9309621693187062,-0.45715996378537305,1.0
0.24659021925766958,-0.07547771009118445,1.0
0.3706634815449277,0.9544478715274567,0.0
1.7686474108707395,-0.05022867123443683,1.0
0.23896220141934088,-0.10513958801126981,1.0
1.9251301136596475,0.14379733172173498,1.0
0.5699597739504315,0.7908597468232288,0.0
0.8536899896267395,0.6170293071399381,0.0
0.5501670752975771,0.8566081724188974,0.0
-0.5153954838157919,0.8671931285234388,0.0
-0.9284023586048162,0.15564527300784858,0.0
0.20036325644100245,0.9032427344769933,0.0
-0.6648043646387485,0.8113458406150139,0.0
1.2606244644340936,-0.4223154181239151,1.0
-0.7436437584169778,0.6626427367760285,0.0
-1.005605541689566,0.08966367411402594,0.0
-0.8507921566076162,0.5672323722317604,0.0
1.2740230445393124,-0.40171546709450645,1.0
-1.066315712255849,0.13242634558893748,0.0
1.764392310975825,-0.16286355538387667,1.0
0.9080111649350227,-0.02470613634973728,0.0
1.8383570101205273,-0.04840029599788648,1.0
-1.0262612184127304,0.22696469153752544,0.0
1.509914228770223,-0.31544259120299645,1.0
1.3834155729563276,-0.4626316038543461,1.0
0.9107483245813262,0.37102124757162064,0.0
-0.3414203754352676,0.9585467485664476,0.0
0.9645360606817013,0.12525151466370518,0.0
1.0218824219598364,0.18643140096025038,0.0
0.4013555750751211,0.9742524360255443,0.0
0.6654120444551473,0.6972113287901659,0.0
0.03217825485230706,0.2776821321505533,1.0
1.3986211714555161,-0.468612591799855,1.0
2.000336618448391,0.2043399013891696,1.0
1.2196946212296333,-0.3608839330668734,1.0
0.7590618753377437,0.6463220210850827,0.0
0.21064803370452367,-0.1900231438156892,1.0
1.3171512429873244,-0.47710146535375736,1.0
0.7715184916536847,0.6956162321221788,0.0
0.3662110113433568,0.9269606065632646,0.0
-0.8393255176266726,0.49364592959235964,0.0
2.0366755002164223,0.28312711626853726,1.0
0.5335277726124613,0.8692509168202076,0.0
-0.3798677966935079,0.9894283801725815,0.0
-0.9658978808628116,0.22329427082238137,0.0
-0.7258428085265123,0.8431314384727411,0.0
0.983855153744883,-0.5579063462560286,1.0
1.8564589178919677,0.07511710033551185,1.0
-0.9632256302462713,0.14182710289876943,0.0
0.09312570888795818,0.05241526697890546,1.0
-0.04746019062749797,0.4340127451984871,1.0
0.5807806340432272,0.8155113711811861,0.0
0.021560218847384585,0.25708645854847545,1.0
1.984300948840095,0.2568837837426015,1.0
-0.092377370893801,0.43890204585488385,1.0
-1.0160616393723176,0.10182074061275748,0.0
0.5754095802087557,0.8097420791616636,0.0
-0.9938643480699096,0.3940081576751186,0.0
0.36059562213775764,0.8943909818108206,0.0
-0.8040722184526391,0.5918305335081523,0.0
-0.03407524170714949,0.4725391849928448,1.0
0.48744146342416805,-0.4184906325513112,1.0
0.3490171115816624,-0.2302786139584466,1.0
0.08917674136535575,0.3427542739869212,1.0
1.1005404935791163,-0.544701728902604,1.0
1.3409455343792556,-0.4865235628076803,1.0
0.15401756360714713,0.2397406606216914,1.0
-0.6888910743480268,0.7273283250009003,0.0
0.46967988464077487,-0.39451755033058006,1.0
0.9544418422969803,0.21014547790130284,0.0
0.9568848145269602,0.055466657593488095,0.0
2.046074966534125,0.4760817575777755,1.0
0.329883822848398,0.9302299003604435,0.0
1.6185117383704617,-0.3386872403638105,1.0
0.7436341833126325,0.6809845721756067,0.0
0.0232882277882401,1.011375510235963,0.0
0.809063589725725,-0.4333019927910754,1.0
-1.0297645446573211,0.38161463713509985,0.0
-0.502536466648146,0.8922832368074893,0.0
1.043310169596562,-0.015075082570181808,0.0
1.612958318965248,-0.3007008201656455,1.0
0.24680320775730666,-0.18382325190168405,1.0
-0.8681831565878906,0.32716005343284144,0.0
-0.5455393653224341,0.8802468222221947,0.0
0.9725774879416795,0.07094101272782662,0.0
0.08369314000608222,0.10005288874162056,1.0
0.6451887930723611,-0.44973526442171835,1.0
0.8504207507304814,-0.4797618375016147,1.0
1.4855049159549805,-0.4592548701076148,1.0
1.5129296003916717,-0.26616420338451735,1.0
0.011819503844207057,0.21793764857454226,1.0
0.3628147632837066,0.8878756992566313,0.0
-0.8321085371961047,0.4692751325064937,0.0
0.7302376975161742,0.5983235857934617,0.0
0.15172535867060427,0.952398374968047,0.0
0.6661664035744052,0.7266678916600545,0.0
-0.1554065183383059,0.9975769214936926,0.0
-0.6946784213783059,0.7304446921066238,0.0
1.9698034614803828,0.42009732437893127,1.0
0.7507719297519855,0.6725438630225574,0.0
0.8008796829069065,0.6266492345485041,0.0
-0.04261168900438522,0.9954440406688819,0.0
-0.10589601680135499,1.0134052948148333,0.0
0.9543697247176248,0.20825416102240768,0.0
1.9120199462626988,0.012161426508836407,1.0
0.3564076454426103,-0.2503190001941639,1.0
0.5113779207705763,0.8014521016056712,0.0
-0.14662606663761096,0.9056227438861879,0.0
-0.9700075954710458,0.21891779096315211,0.0
0.6354567343823411,-0.39125464809160404,1.0
0.32579924267177063,-0.3399173493317959,1.0
1.0721688395145121,-0.5200317339096434,1.0
1.7929640327341647,-0.19072134162448465,1.0
0.07325250630502848,1.0005672891709936,0.0
0.9291694992327805,0.3769122431864967,0.0
-0.3795375327898476,0.8617780049824116,0.0
1.8155294826805726,0.07563641952435732,1.0
1.9340924440108507,0.13748788832396835,1.0
-0.6710966091198471,0.6595519509989088,0.0
1.268186732003028,-0.5586635901292817,1.0
-0.808269274134262,0.5520301558131531,0.0
-0.3261270394984201,0.98391245932759,0.0
0.10017776575719481,0.9429875901253204,0.0
1.9759260551836064,0.12725567079166886,1.0
0.9219008267964941,0.30214198031845046,0.0
0.10243541097700903,-0.020550318984382594,1.0
0.23098640588296016,0.9018307135842951,0.0
0.7993808831035141,0.6491840841052268,0.0
0.1403320714253029,-0.061464590127985295,1.0
0.6895296167468064,-0.5029336821736972,1.0
0.8476486338565693,0.247788281654613,0.0
0.07116389676120964,0.10757372875331694,1.0
1.9791936920796374,0.3899118329081886,1.0
0.019866623936476722,0.48796084880883134,1.0
1.1719824677432542,-0.4423913733255735,1.0
0.9114259385856839,0.2736801403048662,0.0
0.4701627672130345,-0.443706388210867,1.0
-0.9395596783553641,0.12197408970088987,0.0
-0.9297617116494619,0.43573663125611983,0.0
-0.8364139548411228,0.574684051554248,0.0
1.8117179063259716,-0.010648027951217307,1.0
-0.8792851530763788,0.4599486981501677,0.0
0.8451644139265243,-0.420083932117831,1.0
-0.7839907515430166,0.4389250837281566,0.0
-1.017143105761246,0.19783649223865965,0.0
0.21145220282078192,0.9704345153676028,0.0
0.1254351519483679,0.9982981259401298,0.0
0.04726898824508091,0.9910479131065202,0.0
0.4229631400654305,0.904004398778825,0.0
1.8408902292946228,0.025025058280566524,1.0
-0.8818015015273969,0.4108610278072548,0.0
1.8263389159057302,-0.10883238840101389,1.0
1.8797063210744378,0.014452041219791073,1.0
0.9903588964840745,0.28472165547009354,0.0
-0.9413353847918449,0.16168368248466564,0.0
-0.550938646605352,0.810038936828633,0.0
0.0020500488293604367,0.456068485258209,1.0
0.14286167828743626,-0.013037159160236997,1.0
1.010759138063384,-0.5255963972713948,1.0
0.6084779640176697,-0.36316563431065857,1.0
1.3807429708258114,-0.48746873577705496,1.0
1.9437717651319821,0.1407727208682423,1.0
0.9372715938661729,0.2903106627042308,0.0
-1.1000453524922558,0.15660890337119676,0.0
0.48140356613995117,0.8456182849091991,0.0
0.17675547428317032,0.07027958199860818,1.0
0.8663410783583159,0.16931623913849037,0.0
2.0445610319875933,0.17045352161170124,1.0
-0.7691863998990786,0.7595220981981505,0.0
1.1184303762255892,-0.5511103353963367,1.0
-0.2532502855681903,0.9453612051068034,0.0
-1.0062800421841165,0.32755277806076416,0.0
1.1233178638426555,-0.4905335510541648,1.0
1.677689811779632,-0.24463774018654783,1.0
0.4972821242903697,-0.30585525071683006,1.0
0.6669279124841898,0.7169611593210027,0.0
0.9729321695206513,0.13916703124177718,0.0
-0.6389027146583639,0.7981062100304828,0.0
1.7674289492125896,-0.18146974941240618,1.0
1.9397115138533563,0.1071824294324757,1.0
0.2972905547650767,-0.195837291733325,1.0
1.021593769264711,0.11391817521452313,0.0
0.08572476036411761,1.0108365997642763,0.0
0.593486850060021,-0.34301212183772034,1.0
0.9711884475551669,0.007618001647522465,0.0
-0.008277394356021262,0.2496400561747952,1.0
-1.0156050847430942,0.32192218038007103,0.0
0.5037717013714148,-0.36262843721234905,1.0
0.9324729498110234,0.430154878101027,0.0
1.01924378579545,0.010948724740487883,0.0
1.68840416009306,-0.07098945504667328,1.0
0.04293279058859881,0.4526953087295483,1.0
0.876650538418789,0.4068364008602201,0.0
-0.7136461760907095,0.7220133052678591,0.0
0.563514459063601,0.8335357521657518,0.0
0.9575368246569878,0.03894001138190529,0.0
0.42713249831375805,-0.3384479330435599,1.0
0.7949339064989667,0.6274009913205921,0.0
0.5127683245685127,-0.331124153781122,1.0
0.9785461532993869,0.33399170118710475,0.0
-0.2283718732205286,1.0542334562988651,0.0
0.3010814948519025,-0.21447523604298668,1.0
-0.048197683890032234,0.4626810169073907,1.0
-0.905119676243546,0.35933867691489135,0.0
-0.8045098384252266,0.6100031889396794,0.0
0.611217799364848,-0.3283204688296418,1.0
0.9853994716804443,0.0360207768268927,0.0
0.07186050856328116,0.346894931069462,1.0
1.0020626448228533,-0.5761456613236107,1.0
0.4552516940145921,0.8697510340561423,0.0
1.8012761504184387,0.015287721247914436,1.0
0.6193602387870728,-0.435441140926548,1.0
2.0011698122137234,0.4637529703900382,1.0
-0.2790570895050369,0.9484491338471922,0.0
-1.050911442653328,0.06723213271384829,0.0
0.8559721449102388,0.4945588995168956,0.0
-0.653082294500039,0.6929667140765301,0.0
0.635854230842664,-0.36159191652939504,1.0
-0.1964430709620024,0.9587755124032953,0.0
1.907940880235922,0.28081777594155066,1.0
1.5817981104688508,-0.4130427592237886,1.0
-0.616787707968289,0.8180948010562712,0.0
-0.9719931876319226,0.30738869117809386,0.0
1.953007930914238,0.15153730526124756,1.0
1.9672305523649753,0.22343168574347594,1.0
-0.39304861097680505,1.0369903894188583,0.0
0.8536876927762971,-0.4303952818736949,1.0
1.9661137512043774,0.1776612356195793,1.0
1.5426904751859682,-0.3616514533989713,1.0
0.08467837230814539,1.0448634416678764,0.0
0.4946890062852248,0.8479513301514712,0.0
0.7268524467302073,0.7075831578160058,0.0
1.5112424804513882,-0.4722373847066785,1.0
0.7958444827313936,-0.520043191899826,1.0
1.7250093762751049,-0.2769846773960247,1.0
0.6420865913910538,-0.4467622280148196,1.0
-0.6024899289648491,0.7445517339380658,0.0
-1.0144058634519426,0.3612617062262411,0.0
0.20513528086705293,-0.20364858704143768,1.0
2.0223782845457094,0.2823772552559269,1.0
-0.7321692190128767,0.623076906646921,0.0
0.5706110062466669,-0.3907681217701471,1.0
0.8280036864630271,-0.4981585996468655,1.0
-0.9197484643058276,0.3053017929071887,0.0
-0.6810306636583078,0.8123678541440152,0.0
0.9705970609439248,0.18760179356419818,0.0
-1.0102710985122796,0.3133354846078874,0.0
1.9463615385242516,0.4667807274942042,1.0
-0.4175558660652375,0.919498480149041,0.0
1.0141319845495205,0.3187931515385111,0.0
1.6335226526144013,-0.2616475236580569,1.0
0.31336477754373837,0.800612053120874,0.0
-0.029767043840382874,0.3136569341276761,1.0
0.4178735813793516,0.8981572246779962,0.0
0.7830335350393227,0.5291354120964317,0.0
1.7361485184277479,-0.18593588355894755,1.0
-1.0231339600113096,0.041445845790451095,0.0
1.3829194950415573,-0.3836670641103332,1.0
-0.9518412061186909,0.17623809301984833,0.0
-0.4618398643835677,0.888956641018205,0.0
1.811981136411084,-0.3052262955237869,1.0
-0.21291435659386598,1.0240168218364696,0.0
-0.29364335573703104,0.8766582835726409,0.0
0.32205410655719835,-0.3220627643498431,1.0
-0.9757274170037972,0.11481465721446818,0.0
0.31786809718706127,-0.22311593045043968,1.0
0.3623881709612325,0.9277876884874163,0.0
-0.5860845536364426,0.7918621553853127,0.0
-0.6973915407165131,0.6992503547217184,0.0
0.04137711998954901,0.9627019982150258,0.0
0.2331487994134616,-0.07962212472916502,1.0
0.9083330704774675,0.30776801610025645,0.0
-0.9600702522479031,0.34028273253930474,0.0
0.957172785001316,-0.5058912515405544,1.0
0.4146794154335416,0.7657461576347286,0.0
1.057369223441831,0.24857352435602043,0.0
1.3402248058875976,-0.46766313924650726,1.0
-0.10212947186648977,0.9574994403651893,0.0
0.3744203411315921,-0.2926776920923779,1.0
1.7545317799189757,-0.07848982235262801,1.0
1.961313153462408,0.46990040675089095,1.0
0.9854616588800359,0.19876824138098284,0.0
1.113809624371809,-0.5305471121804114,1.0
0.4362112276448528,-0.29986936618047,1.0
-0.038457388319737024,0.41757438976024797,1.0
0.925026004934158,0.5352502776570203,0.0
-0.15600463284600272,0.9750647914354529,0.0
1.896885285932329,0.33484806977105785,1.0
0.16860707425719662,0.014046349970608898,1.0
0.30255298012395726,0.9538948720648202,0.0
0.030527566208770136,0.10023275659169845,1.0
-0.9156495093151173,0.009200071343258023,0.0
-0.38291234949241615,0.8999507687050592,0.0
1.0788139034505257,-0.4424561347097788,1.0
0.05948177144643401,0.3401875196666002,1.0
-0.9692191042630427,0.2889317326882902,0.0
1.0177319319742255,-0.5439568854052663,1.0
-0.8134490713968189,0.6791242988015168,0.0
1.0055889382270409,0.10563081875212618,0.0
0.834796868900992,0.5457070250573207,0.0
0.7653911784623209,-0.46466545622645405,1.0
0.10972291570366519,0.05809674657926153,1.0
0.26603999042674176,-0.012531980446975843,1.0
0.3936877076036877,-0.2351012511627242,1.0
1.0568220869322238,-0.4198613514432761,1.0
1.0638246314657276,0.08040822294960139,0.0
0.272455402451663,-0.14226556737338894,1.0
0.6779241991543863,0.7233200456030892,0.0
-0.9947033294095642,0.42033185266164974,0.0
-0.9555335144406077,0.3617010417869573,0.0
1.9831844533632528,0.38048189908848323,1.0
2.0627589202186956,0.2315682541478556,1.0
0.11431325353128274,0.502732265704521,1.0
1.8621741594550325,-0.13044889308980684,1.0
0.8224474127036455,0.6524497418856937,0.0
0.5416436393078682,0.7653450756512578,0.0
0.015094733984994366,0.961168796618126,0.0
0.4807435934548909,-0.4416565857364009,1.0
0.6742901886090027,-0.4031691669530361,1.0
-0.8441019049316445,0.4619957246286147,0.0
1.8105598355708834,-0.062416357831612417,1.0
-0.7609797247627132,0.6236567052901285,0.0
0.09471265806268449,-0.01637777887052861,1.0
2.0562919822089207,0.39139104167651867,1.0
1.9841948553788908,0.23422157867124965,1.0
-0.16563961492214782,0.9438731123560045,0.0
0.8053015530368569,-0.4960376775278996,1.0
0.5959002110760027,0.7804048440356647,0.0
0.16032608477384552,-0.12355519712737571,1.0
1.1886656642726978,-0.4947461390377626,1.0
1.5770243255199867,-0.40096460285249724,1.0
0.7990352118470786,0.569503418642883,0.0
0.6343653223145643,0.6741655628624338,0.0
1.3228013298329746,-0.431584842968143,1.0
0.04211064221845451,1.0496298921676703,0.0
0.9927587740805787,0.042273029932237714,0.0
-0.9453822890730731,0.42648246367995674,0.0
-0.21458190195423701,1.0079945943905217,0.0
-0.9577186360862862,0.14869134214703733,0.0
0.45967652702686335,-0.1874856611996485,1.0
0.7868260081555785,0.5230218665211901,0.0
-0.025498828137631768,0.2889056592861082,1.0
1.0108020504456006,0.4246075316872859,0.0
0.974529890859476,-0.5579359996858367,1.0
0.8584761807380175,0.37138268651787437,0.0
-0.6602313186394873,0.679437717279661,0.0
0.16693523525144766,0.020264608367653546,1.0
1.6576286170345071,-0.16882295094681235,1.0
0.529490002026695,0.9570717039076456,0.0
0.9970870117347461,0.15555076913803162,0.0
-0.3272630344075897,0.9555639935184245,0.0
0.3460352308915112,0.9444558266300919,0.0
0.8539909279704303,0.3461908464377889,0.0
-0.3991088978235479,0.9522719120274228,0.0
0.3935921108538031,-0.34431090576708717,1.0
0.40162227534200173,-0.34534592298173983,1.0
0.6749656533797703,0.8215627634798393,0.0
-0.8552068397228708,0.5576890048222813,0.0
-0.09610324737882615,1.0147237406754648,0.0
0.004850376082001128,0.17595400843210637,1.0
1.093653164841034,-0.5485403853010251,1.0
0.18613268358988375,0.9462748451659659,0.0
0.8770869125877502,0.20250337908206398,0.0
1.4080952981845603,-0.4377142624721113,1.0
0.13076903006956236,1.0252905550749145,0.0
-0.5203741987433932,0.7953251956052381,0.0
0.9027715576737297,-0.5266671285753742,1.0
-0.3478317086314754,0.9031176330022792,0.0
1.0732177615049803,0.010565679114473044,0.0
1.8320093692568282,-0.12114584577283405,1.0
0.6238474348261404,-0.4431482586860154,1.0
0.9059580619059825,0.40993277049794546,0.0
1.414906020177411,-0.342786299128509,1.0
1.4405164368957644,-0.4117582105145206,1.0
1.0624274587032891,0.03401264164170194,0.0
0.85983114034225,0.5189590487343444,0.0
1.3661549937426556,-0.5311274404687113,1.0
0.982765965723899,0.3109015602608511,0.0
1.7221014222628825,-0.32050448244105684,1.0
-0.365755279882545,0.961015041439169,0.0
0.40712669413889596,0.8270541567339668,0.0
-1.0545978990762697,0.1743389028022577,0.0
0.7808800583378186,0.6784818501513228,0.0
2.015626366180278,0.40039067756102914,1.0
0.0003404012026764214,0.01810836215332448,1.0
0.10011385794640902,0.03330807308353052,1.0
0.8163841429750566,-0.41774547639044163,1.0
1.5554685279789735,-0.2324036039339175,1.0
-0.18023053868769545,0.9386123066827851,0.0
0.9576779301698507,0.30287259147634116,0.0
0.718869335384757,-0.4335354629404981,1.0
0.4076371723720489,0.8900931633621583,0.0
-0.9594387861686742,0.1834638084490185,0.0
0.12938555003215982,0.06603641172819934,1.0
0.4556789711750351,-0.3308169787399937,1.0
0.29792453761933946,-0.09042676975047372,1.0
0.07573707933861007,0.15353965742030828,1.0
-0.8071617359593586,0.8040090816196098,0.0
-0.7392722907586927,0.6646582202872813,0.0
0.11753065287038957,0.8995022546706282,0.0
1.5855060406161705,-0.3110206139159713,1.0
0.010143813186295356,1.089115488348999,0.0
-0.03481427525557619,0.929754626136241,0.0
-1.0175108414865381,0.09845889797898363,0.0
-0.022332005620729733,0.2957971695368307,1.0
1.7158563540743539,-0.2089503779980386,1.0
-0.19059253940755677,1.0688481297824102,0.0
1.8454573454002334,-0.05198408246445628,1.0
-0.6149165720661461,0.6868676772641639,0.0
-0.7566806128008592,0.5609892056404309,0.0
-0.731942838601954,0.6380828601020474,0.0
0.3884317560571613,-0.3500128336188357,1.0
0.8592145885815299,0.6512469850485709,0.0
0.8436754469769576,0.6004893908814245,0.0
0.07396597883689784,0.29935462189037476,1.0
0.9295391942762532,0.15252965252316208,0.0
0.008840889801156418,0.5480391257275,1.0
1.4226179418242544,-0.45803734441590727,1.0
0.6822579284343666,0.8178326518605296,0.0
-0.7882735443689575,0.5779100277453495,0.0
1.3285903732712308,-0.5189752348954152,1.0
1.2209045599108612,-0.46840985134266516,1.0
0.012217793572001551,0.43801819667942155,1.0
0.9803431068355419,0.10945433295906337,0.0
-0.045278315689228195,0.541484765275109,1.0
0.7046273476946874,0.6715775967124299,0.0
-0.9698808037214816,0.4070040826190356,0.0
0.8760976681734765,0.4401615038012006,0.0
0.847829119739992,0.5684476243055188,0.0
0.0942935827478603,0.01207620694625383,1.0
-0.07866539350198094,1.0041398780030093,0.0
0.40915643337400637,-0.3412286944482648,1.0
1.4461834254541919,-0.3338922275545581,1.0
1.1548951169886323,-0.5464351092672932,1.0
0.2615691232728378,0.9570291386630078,0.0
0.01611674954207694,0.2632178021316447,1.0
0.8754871175287993,-0.48068811739313916,1.0
0.1749582025867796,1.0574535518103807,0.0
0.7764363370691864,0.6704612435902835,0.0
1.7566649687247715,0.04658643230711256,1.0
0.8603967485302859,0.47517030828361306,0.0
0.939765970048829,0.2106569292703826,0.0
0.9834616315511917,0.18604879560767035,0.0
0.5035895659783461,-0.39116511275217886,1.0
-0.8306623238351205,0.12567341921530237,0.0
1.7417254310711856,-0.20934912583250911,1.0
-0.6234534508143709,0.8288150362904055,0.0
-0.8055188043625419,0.5330517596549018,0.0
1.4423949052766072,-0.35027476713870614,1.0
0.5949449191745477,0.8004562753693027,0.0
-0.013403912632106895,0.342248708193748,1.0
-0.06799053972001046,0.8486845159754796,0.0
-0.7909794388488165,0.578479323129113,0.0
-0.0002612101234204505,0.2829070614302841,1.0
-0.5073551732927791,0.8747220832980268,0.0
0.8747818942612406,0.6090274807439576,0.0
1.936231402392922,0.11250865621647974,1.0
-0.11404168081860913,0.9995736834849545,0.0
0.19386681231427422,-0.039459393586618464,1.0
0.6416011688915068,0.7331517411613813,0.0
-0.7895364693003907,0.5700926847152306,0.0
2.0382974540433487,0.2541482741549072,1.0
1.0927252529716163,-0.5447029083856127,1.0
0.7641455239067607,0.6056104629682072,0.0
0.05125407700828117,0.10218000677754624,1.0
1.6061220689462379,-0.2640410765064233,1.0
1.0082158218019655,-0.4470832765351802,1.0
0.6398314326180302,-0.4027426282055782,1.0
-1.0331426159327879,-0.004437999065482867,0.0
1.6920386932116087,-0.21611927737823167,1.0
-0.07938071454950976,1.0333461884250437,0.0
-0.19652520341021074,0.9592109286601104,0.0
0.8408414553387351,-0.3954889924532829,1.0
1.0070447914369967,0.21965617506172122,0.0
0.5295794443708669,-0.3992508618071364,1.0
0.37317527944990153,-0.2820222356563229,1.0
-0.934359529967827,0.21915272680415648,0.0
-0.6915596239774299,0.7465361745953937,0.0
0.12977570800273133,0.9912290687549427,0.0
1.0078008874225972,0.2807094272500218,0.0
-0.04532717672734864,0.44534116990588873,1.0
-0.9975847636644,0.048405346164678204,0.0
0.5010640048949053,0.8133514028552851,0.0
0.8462596777069018,-0.4926930989361675,1.0
0.028396408371045366,0.9779686410643165,0.0
0.39425598517454574,-0.28962835301169787,1.0
0.09141131120298639,0.17673353615910234,1.0
0.17339578522896879,0.9654170221333135,0.0
1.793739948909243,0.07207100761926154,1.0
0.7030489734541707,0.6945512478113609,0.0
1.3802608564236538,-0.47727904039599506,1.0
1.6056107054181512,-0.30184386960255255,1.0
0.20181207620593264,-0.10699925319433247,1.0
-0.9649229488183956,0.27143213012896744,0.0
0.39765628619244947,0.9403003481778479,0.0
0.8141681833514718,0.4917758661769839,0.0
0.11930275596864678,0.1005382710417695,1.0
1.3831751351491421,-0.4268832937008298,1.0
0.02654606266715912,0.18298028624875284,1.0
1.9856972458887665,0.28854161397584077,1.0
0.22579392186234698,-0.19606649627434503,1.0
-0.32618064958355675,0.923851555964875,0.0
1.6897234159886696,-0.18382476266319583,1.0
0.48224501636874983,-0.3693118018615503,1.0
1.754926183924413,-0.21272512663898785,1.0
-0.973654753066868,0.0672756326103104,0.0
0.09525826820801345,0.16602878343739108,1.0
1.905192523280618,0.2958776688942216,1.0
0.21332677860794266,-0.2908542287272529,1.0
1.600644474190239,-0.417302297410679,1.0
0.0806043755067188,1.017975059640574,0.0
-0.7425281355931757,0.6857409402694907,0.0
0.12030303075326734,-0.010851885823398268,1.0
0.10164776309015601,0.004174036112566306,1.0
-0.013788748376089378,0.30989576681666897,1.0
-0.4829945684645947,0.8911226613891381,0.0
0.4026267867947356,1.0502716766670581,0.0
-0.2548740781396317,0.9897426719756569,0.0
0.9577852867552616,-0.37605707832442403,1.0
0.03309452604102245,0.14920144357627374,1.0
0.6529964660668828,-0.49543617407610124,1.0
0.3766686997770555,-0.40114145478908325,1.0
1.8302188656250578,-0.15060452196150187,1.0
0.04716900098829596,0.1803479367059197,1.0
1.726364088180347,-0.23702099747687116,1.0
1.660665331864437,-0.16113544016967293,1.0
-0.898328317314898,0.3270647252742674,0.0
0.2877435822139911,-0.2329742197558671,1.0
-0.9716421288770818,0.35620551808639955,0.0
1.7149207720335595,-0.13398682722877453,1.0
0.6622495489681189,-0.505299953076851,1.0
2.0204719374503326,0.15267826875785934,1.0
-0.7356813018465916,0.5745606737209363,0.0
1.2714743900301582,-0.48349724352739304,1.0
0.2811264732075638,1.0193900715452717,0.0
1.2615602957233265,-0.44391403698861076,1.0
0.6323137092591085,0.9163446012295846,0.0
1.957399695878987,0.21814033229165153,1.0
0.6746310875060849,-0.41358621942672164,1.0
-1.0315805970971426,0.30458466544370816,0.0
0.011914132914793076,1.0183525333517423,0.0
1.8797675003115477,0.07632589521860639,1.0
1.0387638821044936,0.13635433262933683,0.0
0.39073792294594306,-0.31979808081887573,1.0
1.9569083974974941,0.21371315833876614,1.0
0.04398984376217703,0.2178435576806273,1.0
1.9988837081287554,0.43845299870703,1.0
1.43060528577385,-0.2875252179158225,1.0
1.9991573266856164,0.5176071448337133,1.0
1.7962255410671515,-0.1645908322825979,1.0
-0.28413569156341223,1.0359669003287868,0.0
0.6529569307130813,0.7439347499855957,0.0
1.996915489986399,0.27695766842131414,1.0
0.9886283232458216,-0.5288899152752156,1.0
-0.43690637667276855,0.870485159083136,0.0
0.9551968157486322,0.29497859755117856,0.0
0.4362595100990804,0.8605460540481072,0.0
1.8615949505329457,-0.051650525834315265,1.0
0.14265549844370073,0.049324449188140884,1.0
0.9447042289927065,0.31184596375253987,0.0
0.17905118167789838,1.001095093953217,0.0
1.966176275089912,0.2552394978450761,1.0
0.5978069118460312,-0.422479821234764,1.0
0.9734201210357137,0.34511124185557895,0.0
0.11481013991517809,-0.06532139630805163,1.0
1.1950532801724238,-0.43488127187335823,1.0
0.6966806425903797,-0.4424516645539822,1.0
0.5442604498624066,-0.40726020657547474,1.0
0.13945343901635643,-0.0265152663936967,1.0
-0.8734430173476312,0.44849311874334324,0.0
0.163598765204107,0.05794273739551193,1.0
-0.1975013210920476,0.9392253379911799,0.0
0.3253003591807574,-0.2012002431141554,1.0
0.990252398822149,-0.4472568203669755,1.0
2.0011561110864875,0.20836457656011273,1.0
-0.5062164140227033,0.7746689003641418,0.0
-0.4162777543973354,0.9501215932066062,0.0
-0.256101852067484,1.0211342109026982,0.0
-0.5003829234880632,0.7226883396360326,0.0
0.3640022544074798,-0.26900932163665336,1.0
0.8592730777193743,0.5799808521644101,0.0
-0.3126434463019188,0.9100508615279641,0.0
0.10988214498555453,-0.1425624562096369,1.0
-0.5223040998822668,0.9188283962418338,0.0
0.8785431027034682,0.5127990899894517,0.0
1.775655977977605,-0.1568391843413431,1.0
0.6129681856267488,0.8122969717537618,0.0
-0.6000789556833731,0.7417638285034068,0.0
-0.00767248141852489,1.040683416066275,0.0
0.2957801656212201,0.8833536413938364,0.0
-1.0125385874751882,0.3105478681164029,0.0
-0.9987952959304787,0.23481215849301484,0.0
0.04619997095306067,0.3247353212949006,1.0
-0.007094446189619345,1.006388530725027,0.0
0.9461089946606661,-0.4426833309718888,1.0
1.9870737347595309,0.1740610148213326,1.0
2.0282893330702048,0.3062076694152616,1.0
1.4274034080372435,-0.45916553283943595,1.0
-0.6033311124482102,0.6830296819778825,0.0
-0.16476415109377587,1.0227086260789342,0.0
1.515927559400988,-0.32710007949600806,1.0
1.770742043525545,-0.07275355523125494,1.0
-0.4867041723312482,0.8225605249340646,0.0
0.16922587132641345,0.0014619941929089912,1.0
-1.0245274135307794,0.043059532950120556,0.0
1.3423683013347139,-0.511563370798324,1.0
-0.5934002227112954,0.8161840524995969,0.0
1.8671885884540946,0.00597920203128656,1.0
0.6949657721636919,-0.4949015696796081,1.0
-0.6084210102572561,0.819345129658613,0.0
1.249895090702759,-0.43557065300847403,1.0
1.8120728018229988,-0.13155238125209628,1.0
-0.8973673366657104,0.6041481721359199,0.0
-0.681046256548852,0.7989776619527111,0.0
1.0764539804234927,0.2737467805788988,0.0
-1.034131030737947,0.16213030768885128,0.0
1.393231973541522,-0.3546849917125652,1.0
0.36127011876671833,0.9513017825191411,0.0
0.10188762739316626,0.11545976183611291,1.0
1.8200677628355397,-0.020450146078546307,1.0
-0.5434325034833191,0.9507260674543443,0.0
1.6943840082334438,-0.1275231928045445,1.0
1.092407468366517,0.10990514025301423,0.0
0.9886025974619326,0.16481364067211465,0.0
-0.917256883871715,0.41096495883082346,0.0
-0.960466304276036,0.37159537476709686,0.0
-0.9321386607675617,0.43584292000520136,0.0
-0.7966510308975854,0.568867414134005,0.0
-0.5207370431289662,0.8663732467486659,0.0
0.5778632611690854,0.7572397494243254,0.0
1.0444177238204069,0.10970820603523314,0.0
0.9114037160961705,0.3120129843231363,0.0
0.07810739690340905,0.237146497795935,1.0
1.554632406869704,-0.34251384740269053,1.0
1.7966809996400892,-0.2525158503843575,1.0
-0.8968237557391436,0.2539656265806168,0.0
1.5138995121202272,-0.2997489716694989,1.0
-0.8599023329808156,0.4716557228625805,0.0
-0.6009672334318904,0.7536229770342371,0.0
-0.049293483188397394,0.13726123350457675,1.0
0.7325605722964208,0.5478246462904167,0.0
1.0558527803881874,-0.008367387918847315,0.0
-0.08076704071859286,1.03771329259543,0.0
0.21114162692543667,-0.1268540515887063,1.0
-0.33526507620457596,0.872073530363142,0.0
0.19925443669792023,-0.08549589264939098,1.0
1.574840024798333,-0.3540677713327698,1.0
0.04715570331006461,0.9758848392025882,0.0
1.916172359495665,0.17793359225557373,1.0
0.8014200376577439,-0.5910722893065091,1.0
0.8512276228451154,0.46925814129489507,0.0
-1.0013142708837977,0.21085861468401237,0.0
2.0277587511472523,0.4037060176411643,1.0
1.923645063065481,0.23051004892233587,1.0
0.10268306223289274,0.07679288715965017,1.0
-0.0033059430448967725,1.0734951989205113,0.0
1.1042616990267344,-0.5522031117489807,1.0
-0.1564263028978717,0.944330512322075,0.0
-0.9475312613702145,0.21759579753900102,0.0
-0.7243859554231522,0.7454355123671546,0.0
-1.0389691609205636,0.08737196856912319,0.0
-0.4025521286600496,0.8508375262657997,0.0
-0.894514076482115,0.43302808801342185,0.0
0.08327807928048131,0.07749106569654395,1.0
0.6048034791519213,-0.47024799070129686,1.0
1.03138003666511,0.005208993636365837,0.0
-0.15289982551641668,1.0327460007264553,0.0
0.0363310264735804,0.10525527764794532,1.0
1.6716120449181484,-0.32063563933765016,1.0
1.4936509857805824,-0.400303610031177,1.0
-0.980729074685296,0.008732616653766491,0.0
0.04012522067530212,0.27544362005675255,1.0
-0.5164163241350931,0.9332537886142039,0.0
1.268422017783801,-0.5251592141846453,1.0
0.037149608666172326,0.9606846554436027,0.0
1.060240646065046,-0.5187674073316207,1.0
-0.6001636743959189,0.7874698726605105,0.0
1.235343540375576,-0.39229856136360364,1.0
-1.0000703650732097,0.1961816706581045,0.0
1.3824539664922284,-0.3476147284324538,1.0
0.9296229140829835,0.18358766381001168,0.0
-0.059399189971444444,0.08787051900066935,1.0
0.720453405941243,-0.4510511112927242,1.0
-0.5819810182436763,0.807414843491869,0.0
0.08942270841054718,0.2352722714133585,1.0
0.3479601618126772,-0.26540455855646244,1.0
0.94132087188616,-0.5015217569670052,1.0
1.6938010882087897,-0.3581196449621143,1.0
-0.995292657545952,0.39039423649605515,0.0
0.66736036569885,0.8028130303631877,0.0
0.7788067868969092,0.60479491458381,0.0
0.39924789703163416,-0.16910807148089985,1.0
-0.14532054702019803,1.0305338566716282,0.0
1.4801152164596862,-0.3635520560431851,1.0
1.9129378983656928,0.26731808758417297,1.0
0.4911933570264701,-0.30516586631003545,1.0
0.9501991442899093,0.1211357100275839,0.0
0.10257894846085909,0.9990821730063354,0.0
1.956813587194423,0.177846433846848,1.0
1.8899336618499547,0.3107240783005399,1.0
0.5681634448797018,0.7796414698359935,0.0
0.5853868111811825,0.8524820645246438,0.0
0.6928124771496729,-0.36692175070467525,1.0
0.6213176049285276,0.8566795977119493,0.0
1.2920554802275142,-0.5204078152759698,1.0
0.1948364648813854,-0.05754857740310207,1.0
1.6224388028905536,-0.2729339163378232,1.0
1.9411806254529422,0.5069798777564152,1.0
1.898366698542753,0.01524592295176194,1.0
0.9048909022624524,0.5457624439150995,0.0
1.4072044347699615,-0.4469958651562921,1.0
0.8466101444080436,0.48964973055335415,0.0
1.984977995481868,0.44456023714479725,1.0
-0.9627397198163961,-0.014933885335599764,0.0
0.38670656751521126,-0.3229142795275387,1.0
0.13684594161524236,1.0745855296054478,0.0
1.9612820495401873,0.4610582992387485,1.0
0.01935565240911989,0.1891824242163288,1.0
0.8795395940495383,0.473962711815764,0.0
0.18335119039791775,1.0251944069801617,0.0
-1.062236931449655,0.018704553239765047,0.0
0.44387314791348814,0.8650698207300771,0.0
-0.48261601163329937,0.987967160244519,0.0
1.9969988192081412,0.40327657062736133,1.0
0.41933191209512555,-0.31209970093027845,1.0
0.36721821910063507,0.9142830453042483,0.0
-0.9556332446110383,0.47706245491381716,0.0
-0.36639875239679354,0.9481018880773476,0.0
1.4346248326204223,-0.514601231401036,1.0
-0.11862392620498058,1.0768185616118946,0.0
1.4502702874380609,-0.3167229494143668,1.0
-0.7449725117415562,0.6147256430827487,0.0
0.00035166298862457715,0.9863675358220328,0.0
-0.9636858143894684,0.2995264591463554,0.0
0.8018564358285548,0.6309408659927666,0.0
0.7574178673072477,0.6942568761536316,0.0
0.5464877605054596,0.8272725902315686,0.0
0.8852221204009159,-0.44809235043333534,1.0
1.9422093918896808,0.4206268891566113,1.0
0.518152435871869,0.921872137756106,0.0
1.8833272901021127,0.07087268195492569,1.0
-0.6299999066004294,0.7883845564209555,0.0
1.6064077648113666,-0.28792152815611033,1.0
0.9601977969500545,0.29534998913836374,0.0
1.0478486892745622,-0.550597646914686,1.0
0.9051988969323329,0.48360877247377004,0.0
0.40523890856820155,0.9554485829441064,0.0
0.9067887621100366,0.462654359247379,0.0
-0.3386085561299636,0.9840566996028847,0.0
1.5992480411795138,-0.3835514664136003,1.0
1.8471722634291827,-0.04407290268845174,1.0
0.8735510715474786,0.3367330784345467,0.0
1.244838612214553,-0.41642832966901894,1.0
1.6855096393735178,-0.36012389910350084,1.0
0.35385858104074286,-0.3522712570618147,1.0
-0.1753919912063004,1.069394154930908,0.0
-0.5041171400355804,0.8831835417826164,0.0
-0.5138574802691414,0.8281954777278921,0.0
-0.3988596367768065,0.8786521042416429,0.0
0.8932599384855436,0.6869178683470688,0.0
0.8506839814251232,0.1753153716317008,0.0
0.18769783661324407,0.0005106166419756308,1.0
0.24214714680218985,-0.15112055647352196,1.0
0.48266348496200334,-0.29616308134734054,1.0
2.02202928330177,0.24617927970092424,1.0
0.26791071963872476,0.8615708379746546,0.0
0.6834544792579745,-0.3938348926445344,1.0
0.966244435357899,0.5892066898868045,0.0
0.08748767158671977,0.45957793366231053,1.0
1.9466758405807305,0.46373031742449883,1.0
1.963039747196801,0.13910947384731193,1.0
0.6142016687123368,-0.3415570231891898,1.0
0.49898593675500535,-0.48510504522211645,1.0
1.14764553709675,-0.5553667688456996,1.0
0.3987572790365432,0.851209018487515,0.0
-0.6897939406278998,0.5518999677583954,0.0
1.9566553915030673,0.2641247936243623,1.0
1.5218602487851722,-0.3730940182071036,1.0
0.15961653150632815,0.9598938285770853,0.0
0.9393673484978996,-0.4715221100428671,1.0
0.6054338560617897,0.695549821211966,0.0
0.9917012276411674,0.36431971750819675,0.0
0.25489434754601165,-0.13868484799598368,1.0
1.0838910592818518,0.2044897499126966,0.0
0.9214814202352225,-0.5423975556454216,1.0
-0.6379242023795095,0.7326341878250556,0.0
0.009276234270797495,0.3274835568962576,1.0
0.0308147282250186,1.0310756234222513,0.0
0.9251279466192168,0.3000879979344653,0.0
-0.0054364799568454875,0.4420704599551012,1.0
1.7474964394004042,-0.04386623127878259,1.0
-0.37447932857992616,0.8890815452683107,0.0
-0.2036238647136256,1.0258069091793585,0.0
-0.5848824680169957,0.8006116079324516,0.0
-0.012613776000659738,1.0509185006498012,0.0
0.39972693001492166,-0.3090360207381347,1.0
-0.745870660107666,0.6517772411811864,0.0
0.6207853336969045,0.7544236083949607,0.0
-0.09647101235544665,1.0064240448772555,0.0
0.7344373973059648,0.7019641037177902,0.0
1.0942304897140127,-0.5087320785133054,1.0
0.9552904378076141,0.5569104046773028,0.0
-0.7917430138137911,0.7143437103747808,0.0
1.5817697796369663,-0.30517493292352504,1.0
0.9029726048725422,-0.43745723421521887,1.0
-0.8949399946093342,0.040894009397427565,0.0
1.929669433801637,0.08850608165160856,1.0
1.1049141678381846,-0.5545788691668634,1.0
0.5519011162024752,-0.36252926535708796,1.0
0.03593100965974145,0.5290953971708964,1.0
0.2000549450190026,1.0012988309901576,0.0
1.436187028328627,-0.45541003146648695,1.0
0.854558551686422,-0.5503554575633653,1.0
0.8622864017777839,0.6356656007361338,0.0
0.15304230333687346,0.1047568303069519,1.0
0.9930795580066141,-0.5101102613669181,1.0
1.327067689566306,-0.4828884867581028,1.0
-0.3871859210627745,0.8977225311615186,0.0
-0.0025331973537630007,0.5383797688455366,1.0
0.7563159248534489,-0.5127560483496635,1.0
-0.002619883320628978,1.0508290740589028,0.0
2.096697679539528,0.5161086451044331,1.0
-0.1943397926380937,0.923146793591772,0.0
0.30048848013807355,0.9664552859972113,0.0
-0.4065783493062877,0.8297583995098688,0.0
1.8236086954205908,-0.15676692659298358,1.0
0.7979798384870022,-0.5081767132631126,1.0
-0.9811097949369472,0.2552265018713795,0.0
1.1736924586793225,-0.484166736222584,1.0
0.8871874397288865,-0.49571886344675237,1.0
-0.07756542606247177,0.4610333466254795,1.0
1.0930903603922473,-0.4696324856311206,1.0
0.5765138617067442,0.8595065037270502,0.0
0.6165371636044608,-0.4011561368290738,1.0
0.7219167236995805,0.8066199565446152,0.0
0.25128490296331357,-0.25344820063669105,1.0
0.958350945276729,0.09456966126335341,0.0
1.7394677612770413,-0.16611578296380533,1.0
1.487391747837839,-0.4349798385168897,1.0
0.35866422898590034,-0.23573382253931427,1.0
1.8101679622712197,0.1170790399289468,1.0
-0.8124099298087544,0.04795247407006423,0.0
-0.8567935578342647,0.41922108523487583,0.0
-0.3520437946317696,0.9733612602144854,0.0
0.22438686427597507,-0.22645831499246033,1.0
1.2247674196693197,-0.48712141922270324,1.0
-0.8089134566546016,0.47461634607239334,0.0
-1.0071426325699544,0.04554756207731002,0.0
1.9447803225730065,0.25916518402475497,1.0
0.6873469323696699,0.7825963583699402,0.0
0.3917939334537792,-0.2789245567966845,1.0
-0.9757711789434254,0.3523019117796256,0.0
-0.6598811638568983,0.7136054941626698,0.0
0.5146362889172085,0.7999639737596211,0.0
-1.0252720466506702,0.017478181991805224,0.0
0.14448971799960078,0.9750469827551699,0.0
1.9241310437070367,0.2588237858584632,1.0
1.3810050051874811,-0.45248922493376914,1.0
-1.09237426142164,0.15115831847886474,0.0
0.354478113546788,0.892766999631685,0.0
0.10281784600406649,-0.06879795472569963,1.0
0.3885647160922958,0.8830259830388792,0.0
0.029372766089387423,0.9906166562053184,0.0
0.8738068796696229,0.3954946580349903,0.0
0.049466609787466795,0.20744890486571288,1.0
0.1853478648799342,0.9203354227873953,0.0
0.5122196074494958,-0.44206372707209507,1.0
0.2433596578876486,1.0178200345342643,0.0
0.16995756142305285,-0.09938228256568563,1.0
-1.057394655903443,0.1231803088397285,0.0
0.21455721822411353,-0.08088976960182753,1.0
-0.4984025805132251,0.8442784788290628,0.0
-0.6471032003698427,0.8715469861229181,0.0
1.1026148474382287,0.0567552448731044,0.0
1.7855061914346673,0.10021898326661845,1.0
0.9377431898279931,0.23887209933884201,0.0
-0.5444852539614908,0.8821197837386521,0.0
-0.9781812522986992,0.3401500534624063,0.0
1.8988670475133549,0.004803914905643504,1.0
1.4657962981794008,-0.3379414173444268,1.0
1.0277902201842806,-0.4858867528878205,1.0
0.5711092605804101,0.8632765378094315,0.0
1.9850485674640275,0.3182822721863626,1.0
0.4476868731426173,0.9046822406509778,0.0
1.0417997221285913,-0.500596304640058,1.0
0.6730849388966619,-0.42745950170337743,1.0
1.8699098950440942,0.05814667148579357,1.0
0.15900331610975593,0.11143408397639246,1.0
-0.5330896156927042,0.8921313638882957,0.0
0.8316158126727113,-0.5275236177830173,1.0
0.2827587521352187,-0.13763405177054633,1.0
2.012197002856474,0.47417976859284255,1.0
0.5605128758252951,0.9371218529716938,0.0
-0.5057699574254347,0.8329684102237316,0.0
0.21017455180138273,0.9285564383393274,0.0
0.20972590997676388,-0.05599922669813301,1.0
1.7224744192043302,-0.1496103260005772,1.0
0.5971712683260239,0.7366586845912099,0.0
0.9750038143497559,0.4443385934984492,0.0
0.02643701354020639,0.26089948238170807,1.0
-0.9136385254358969,0.18096985546187366,0.0
1.8954556890284313,0.046165630351823,1.0
0.19747484080884636,0.026858467339389236,1.0
0.7305652800653191,0.7567981885856955,0.0
0.950387980589969,0.391842890356719,0.0
1.90609266302558,0.06927363930341304,1.0
0.0897130753982778,0.9381842979445942,0.0
0.9417570308517684,0.5430650271597087,0.0
0.041687663323285995,0.11178646757038244,1.0
0.4502561953510489,0.9242620796623996,0.0
0.12628116394014768,-0.029183147551350142,1.0
1.2426125470090783,-0.3774522361007858,1.0
-0.7691129972489041,0.6097482520341094,0.0
0.07617292147545418,0.27959629054961743,1.0
-0.5755512119992192,0.7466459359662844,0.0
0.3005950201494651,0.8660693659863923,0.0
0.6365515300047871,0.789643938301234,0.0
-0.6094067233384787,0.8743859311226573,0.0
0.1326936265276632,-0.03469046106927308,1.0
-0.9185013170712749,0.4423972065207608,0.0
0.3362107934500814,-0.21771918201283982,1.0
0.8377885589530878,0.5663884950774467,0.0
1.7727421271272519,-0.14999471042611495,1.0
0.9048712055182196,0.09773224816615275,0.0
0.10800521450456244,-0.11911250051717272,1.0
1.9492923037438707,0.20225808774853035,1.0
0.6401803054730316,0.7803760779562711,0.0
-0.8597694974889531,0.4577839736938017,0.0
0.018673311466842826,0.19652017913010644,1.0
1.0661817069485313,-0.5252246569236494,1.0
0.6967889952523735,-0.4240012280765889,1.0
-0.6138414788730963,0.862265105429631,0.0
1.8644597921875454,0.1830075866727977,1.0
0.9014807853568969,0.3198975337785839,0.0
1.1900669458042634,-0.5559428986351631,1.0
-0.025530630804491375,0.3771134449286509,1.0
1.796306668520303,-0.08707797594471473,1.0
0.9605629168917036,0.12886882293982654,0.0
-0.8229121466689201,0.42849058287181185,0.0
-0.5472062527362699,0.8106580235824139,0.0
1.2848685947262979,-0.3810569520886226,1.0
0.8663440112090147,0.40513134213697233,0.0
0.8749437598841723,0.5497300021500098,0.0
0.5125532445739635,0.8083506072410825,0.0
0.5395146666076203,0.7499729404063336,0.0
0.2941878155734967,-0.3030269950419078,1.0
0.4434377369151467,-0.452982866554026,1.0
1.482547714627065,-0.2924269203556485,1.0
-0.2485314816738359,1.000493222059303,0.0
0.5121500124321535,0.8930368439899714,0.0
0.824923596056133,-0.5560734703759095,1.0
1.4005194828188414,-0.4511447613794051,1.0
0.5092373147043888,-0.3197206130005508,1.0
0.8016429636932677,-0.4952149743868199,1.0
1.0383241672829024,-0.42100702573357096,1.0
-0.17043383950988997,0.9656109576709699,0.0
0.09757025066715205,-0.0334189529826452,1.0
-0.24148002496539972,0.9723365405843942,0.0
0.7448307272297644,0.6332896003007188,0.0
1.8758354556967407,0.07469064636999256,1.0
1.8639076561113863,0.055686751597709146,1.0
1.4255982470719513,-0.4187558238584997,1.0
0.04561401163134203,0.15071085959967462,1.0
0.2658333357160789,-0.16605337433825115,1.0
0.3477017216947967,0.8886109349809767,0.0
1.783441524789669,-0.16816164477497172,1.0
1.0465243269203441,0.08214710343094904,0.0
-0.3874435350738198,0.8799928025866115,0.0
1.9473096284010916,0.2832771132263876,1.0
0.6432620733049694,0.8065569023242531,0.0
0.9235259136458538,-0.46596555033346343,1.0
-0.7773917487352003,0.5849126020831279,0.0
1.9973842618762179,0.3934529407941614,1.0
0.07151774089107757,1.0531656982022695,0.0
0.8338985149213872,0.5880446106938866,0.0
1.7787746681014625,-0.04011445259035607,1.0
2.1174495091592527,0.44650441240651195,1.0
1.026085268603567,0.01570126016574215,0.0
1.0231335746411863,0.46288592309713283,0.0
-0.7444034349953753,0.7142174567436638,0.0
1.5887018294697395,-0.3615932153135144,1.0
1.842869217596162,-0.08602582821830926,1.0
-0.6110746460585001,0.8129648718490582,0.0
1.9030254097221135,0.10191602982645817,1.0
0.7441823785527305,0.4850153391536255,0.0
-0.5494359255354595,0.8172412034808415,0.0
0.8332143630076937,-0.4247168296503009,1.0
1.6118440816319708,-0.32862581646561767,1.0
0.07288617307114084,0.20026033265111004,1.0
0.7868788767576704,-0.47039640198581983,1.0
0.8049568415623836,0.5257012614533039,0.0
0.00384357932368815,0.4419837793969003,1.0
0.9361939412762332,-0.5980857149251483,1.0
0.07196058826219434,0.9412374066755133,0.0
0.019017366706293903,1.0515781798448918,0.0
1.9387101919333984,0.16503427522217365,1.0
0.19627565341849784,-0.14442707457038917,1.0
0.8394520317606066,0.4959992608815359,0.0
0.6125924897385041,-0.4392653181175334,1.0
0.5253158366591433,-0.513998210948568,1.0
0.3906365013411185,0.9517712824395742,0.0
0.04064824355415006,0.07096875439781447,1.0
1.1346536251816657,-0.5528257916152203,1.0
-0.9507592632571888,0.06034719537029431,0.0
1.3286247622852005,-0.5059407740763534,1.0
0.7209158613375304,0.6685756748279352,0.0
0.768668313832138,-0.5162163162318077,1.0
-0.7407175226421733,0.6327675116554419,0.0
0.9235530678479731,-0.5033281758517255,1.0
0.6753544407064898,-0.5361639104885002,1.0
0.7518350848885031,-0.42335208997782703,1.0
1.5941588649920828,-0.40308074937765676,1.0
-0.8662809268186022,0.5823216703215451,0.0
0.03126318912217839,0.20135467861202275,1.0
-1.020704049294572,0.03392343293432876,0.0
0.5418788553102044,0.7851430723915253,0.0
1.4558490069095062,-0.3864852764360601,1.0
-0.9591152952556654,0.26941286460541586,0.0
2.0654037469668003,0.5091391255050444,1.0
1.6475561482473198,-0.2504916637817355,1.0
-0.9774116737808322,0.0015605755171315353,0.0
0.8248299776716534,-0.443962953462151,1.0
0.06736658512744646,0.2762431884930171,1.0
0.2432352935811049,0.9363429830108934,0.0
0.9666514458332279,-0.45099855899320107,1.0
1.931626542739297,0.21295108111342392,1.0
0.9445302349868977,0.379256505487163,0.0
0.9727273847363733,0.05836596527409481,0.0
0.04432210202064296,-0.00313947206381833,1.0
0.10844459619969646,0.1709139228789697,1.0
1.6570474806458138,-0.4051652755033294,1.0
0.0796843175255993,0.22406252865298398,1.0
1.9876217438271433,0.29503444234347237,1.0
1.8426267198206685,-0.07506003883741305,1.0
0.20486816558748164,1.0679488720164743,0.0
0.4994044092586949,0.7439532938353288,0.0
0.7512078454025986,0.7021453682989561,0.0
0.42435463843087756,0.8148079360457807,0.0
-0.7012618271110319,0.6413575622772859,0.0
1.5004150598598218,-0.42229271626244413,1.0
0.06675211636830714,-0.0622246947679035,1.0
-0.6998908772268372,0.6755109750421621,0.0
1.952490824906074,0.07282408076139486,1.0
0.005430757052652245,0.27368758361346945,1.0
0.9132819273222903,0.39346198773088925,0.0
-0.43768860378332697,0.9093795965542593,0.0
-0.012176229591125506,1.0111807306571419,0.0
-0.007792633347550398,0.2597934404652088,1.0
0.9616739528605414,-0.5226545326995837,1.0
0.29881487170029225,-0.20705284832115808,1.0
0.7460715157566752,-0.5074572000720085,1.0
-0.5854850491399178,0.8642833818826577,0.0
1.6041263844927316,-0.31056253958049596,1.0
1.9256665346077184,0.522676886766989,1.0
0.5260102855778622,0.9088526148050121,0.0
0.856090499852915,-0.4371973897103592,1.0
-0.9287672640022557,0.3532177549017665,0.0
0.6633629537031283,0.7560135617080311,0.0
1.0853237084690108,-0.3667845397971732,1.0
1.0934901339118979,-0.4540402286108203,1.0
1.0303253747061425,-0.5163777406484406,1.0
1.4612844889191576,-0.32000106275088147,1.0
1.0337737233450968,0.14715835365209792,0.0
0.9033629172094186,0.4280851901619991,0.0
-0.8264235097012521,0.5298475336752059,0.0
0.8917455746806568,-0.47260615628424507,1.0
0.6860289333011615,0.669353744144964,0.0
1.770711283425584,-0.11039496700262924,1.0
0.7338978236070616,0.6476659566229074,0.0
0.6459592814275031,-0.4425031591262052,1.0
-1.0205726406285498,0.16558151018108314,0.0
-0.8496763471557099,0.2562874341791326,0.0
0.8191641467871881,0.6775816497924707,0.0
1.1758796953422654,-0.451113813850297,1.0
1.519262440024899,-0.35454784463875055,1.0
0.10387831328754996,0.4323464870565836,1.0
0.9852454016113773,0.1186166033881742,0.0
-0.41779739704340757,0.8288447877225252,0.0
0.9886143607957868,0.13050704449801487,0.0
0.19497565642625544,1.0031183790345095,0.0
1.9877578851258382,0.08637380056427484,1.0
1.830643965907635,-0.003410818709865586,1.0
0.20163964695578984,0.9236232018692055,0.0
0.022761898598975004,0.2989221091572404,1.0
-0.023099695168710133,0.4595297264908485,1.0
-0.0948882433225823,1.09315222073001,0.0
-0.6570625497801112,0.6952837543080941,0.0
-0.9490091636283008,0.41034416679628277,0.0
0.14498498075269964,0.9134109643907622,0.0
-0.6267549319571774,0.6978318554576313,0.0
1.5513284431155325,-0.19732492524789408,1.0
-1.0175979936571853,0.17850296676963742,0.0
-0.3933690209307903,0.9965205332444524,0.0
1.2993896573742365,-0.4888014940737217,1.0
0.6620768035387576,-0.44742208741294565,1.0
-0.10878529126824317,1.023914837845738,0.0
1.2989179382713423,-0.45204560143561556,1.0
-0.9579718139069482,0.48640209538282014,0.0
0.3248317421082179,-0.11195983461073741,1.0
1.4990508051006155,-0.31188256454373864,1.0
-0.184634203950159,0.9545122327535989,0.0
-0.8094622530577456,0.48341209559412435,0.0
1.0759098274012755,-0.5356178056833132,1.0
-1.0267695613677665,0.510372161191786,0.0
0.5470638640515278,-0.30756238336575925,1.0
0.2662598992726734,-0.014676502624270768,1.0
1.314895375371013,-0.40087359738638045,1.0
0.9650884199826817,-0.5772753398417239,1.0
1.5627615110149493,-0.2736916828901145,1.0
0.827921129931765,0.46418894357388235,0.0
-0.9411840411982548,0.19532500591862212,0.0
0.7420666819386985,0.7129054675049711,0.0
0.15193175383122143,0.924317603449026,0.0
0.5712725149596576,0.8801994745704912,0.0
0.8924212535016576,0.4370423142136091,0.0
-0.8034644967171017,0.5596631460749553,0.0
1.6587536107935097,-0.3528097250739348,1.0
0.7853342438847206,0.6996251662883959,0.0
1.4035134776463392,-0.3983258905595394,1.0
-0.011794089139966199,0.1925416366133085,1.0
0.7491704625194058,0.7330511898088283,0.0
0.581577462569568,0.8306741352602841,0.0
-0.0154396375630321,0.465972654762869,1.0
0.11356892600998704,1.0612347765117551,0.0
0.14144190267308768,-0.05129761836795092,1.0
1.0021922119357702,-0.49002430849183415,1.0
0.36196608106229095,-0.2970727573117342,1.0
-0.8444759455552423,0.6299136166774596,0.0
1.7746093038753246,-0.2709259837907456,1.0
1.949759954933815,0.3187390116099674,1.0
-0.0023148498099447323,0.4884074917725175,1.0
1.1455661008461044,-0.4519681442976398,1.0
0.9627167514352867,0.4233676130066743,0.0
0.964601440078326,0.40262904483639794,0.0
-0.6049981476781954,0.7775209974519808,0.0
1.9378024668880218,0.15193029706855085,1.0
0.238484097514022,-0.11819781358729872,1.0
0.10823082210401153,0.14976290262989655,1.0
0.7260982506100124,0.5828358279205668,0.0
1.0431016728789908,-0.06985668441857744,0.0
1.0536890464229483,-0.5240301135780958,1.0
1.955957044156221,0.30500647578589823,1.0
-0.6620542444908286,0.7140589883965917,0.0
0.21155465430960732,-0.18193056968385027,1.0
0.015613178451080335,1.0200034296938862,0.0
1.7634686644311264,-0.17991897089168885,1.0
-0.08583587548066283,1.0061212938296373,0.0
1.6223566653821277,-0.2586557968654432,1.0
1.6685134287415964,-0.24631291763670002,1.0
1.8021408474896348,0.04713813390822788,1.0
1.8978313496496875,0.022980698365065916,1.0
-0.9084245373794655,0.25655879741584064,0.0
0.009876140797547771,0.3963447207227046,1.0
-0.10953916481886339,0.9836140688085369,0.0
0.5142309193270461,0.84517718540642,0.0
-0.7489032025759051,0.5967968551160427,0.0
-0.47283366647917313,0.8845315565832149,0.0
1.6971714447862902,-0.23905986341380803,1.0
1.0570599391258158,-0.355171645812954,1.0
0.2295592532661801,-0.13068250968925124,1.0
2.0507153324870573,0.4591474131381149,1.0
1.5167731172966943,-0.2849760733132172,1.0
-0.7834580359686735,0.6099192555205754,0.0
0.16125027726295008,0.20637002446308883,1.0
0.8854436211039688,-0.43038821922211934,1.0
0.9311582464405506,0.29407710478941546,0.0
0.40533937266914627,0.8966604362910745,0.0
0.3065265440013242,-0.24447815349513607,1.0
1.3663194588680203,-0.46369458913846173,1.0
-0.7355031887253799,0.7050253636354251,0.0
0.4298779096983769,0.8551409541353242,0.0
1.9591532478963896,0.4151511459105286,1.0
-0.866567850122486,0.3605032150124359,0.0
0.2746506743917874,-0.27295151842396426,1.0
-0.02687013434828797,0.3618517674161475,1.0
0.29652168585112,-0.29411153057848427,1.0
1.7491269737666657,-0.12210308369418386,1.0
0.41785111609402426,0.8794796274199427,0.0
0.3839771666395705,0.9678859419099954,0.0
1.694912433142887,-0.17259502971574295,1.0
1.017635632474821,0.3637847328220579,0.0
1.9428965575382882,0.47540167427955154,1.0
0.29563540283666917,0.791087046376701,0.0
0.2739099120195985,1.0585364153060044,0.0
0.2858818913461481,-0.1900847532805514,1.0
1.6714386067764972,-0.19232648962829532,1.0
0.5527729069896297,0.8300595026289217,0.0
0.9087352429819752,0.5441435503783323,0.0
2.0304644149632165,0.3730326871129909,1.0
0.27574730334566194,-0.14321096855461768,1.0
-0.19048313946963819,0.9489779535039168,0.0
-0.9153093842834011,0.22898812864022242,0.0
1.3624212051146305,-0.3162683948699083,1.0
0.06418973451833054,0.3481620183637316,1.0
1.2359755448773955,-0.4856721057446682,1.0
-0.8390459230295637,0.37750189172024695,0.0
1.8757399965035957,0.17711594144816983,1.0
-0.132553484679511,0.9744088850283527,0.0
-0.5740151242604876,0.8916363664557121,0.0
0.5940009328089785,0.8294469637511087,0.0
-0.7354260832319917,0.6522692465470091,0.0
1.6019185662796704,-0.3271410127625473,1.0
0.05205452439693992,0.3817987575133913,1.0
0.15415177400939195,0.04039199433034599,1.0
0.5329853964467333,-0.39794282278864634,1.0
0.4373733403390933,-0.33000731530670907,1.0
1.0941279715330858,-0.44263625656690997,1.0
0.8034241365820685,0.5412733298696419,0.0
1.8137682161752535,0.10955005370351385,1.0
-0.9125050569687325,0.4814843463976173,0.0
-0.8705245962197188,0.2922686746029269,0.0
0.04332860213805176,0.9936752267209872,0.0
0.9789133259396459,-0.6012480767281512,1.0
0.1510704842414741,1.0248701481848417,0.0
0.22155881210666467,1.0548704202946464,0.0
1.6288149015577498,-0.23853879992923052,1.0
-0.8502890129445398,0.6361796639865185,0.0
-0.7060596280784054,0.6271494192506444,0.0
0.5325762825109117,-0.3654425224689705,1.0
0.18183180694997256,0.9137663162196432,0.0
0.05080712016855151,0.33009344935865,1.0
-0.7885489739618318,0.5827124861879353,0.0
0.5365463285701951,0.8777634181733391,0.0
1.0326603995558559,0.20362976227548393,0.0
1.6151118848076353,-0.18191025865947702,1.0
0.09710978464713492,0.0796054089486873,1.0
-0.347700595914201,0.8326980319641587,0.0
-0.8757524630289201,0.3135684032999866,0.0
0.6142847811424355,-0.47136773318570563,1.0
0.9541145035343618,0.26781554281212794,0.0
0.8117988055858812,-0.45508078816265307,1.0
0.4509704022536979,-0.3886210903414732,1.0
1.9968895751316695,0.4765937236428168,1.0
1.8987927267622757,0.012444202308891456,1.0
0.21886435911006447,0.9384837666377662,0.0
-0.265935735844951,0.8794319554849199,0.0
0.3292914675662142,-0.25795344868949166,1.0
1.0506381486588265,-0.5143685245600765,1.0
1.1146110093441166,-0.45744673774867745,1.0
0.6563571093014463,-0.4436783417577574,1.0
0.45429832859910296,-0.22871015900580455,1.0
0.7611562153016929,-0.5391371656014926,1.0
0.6945710338398119,0.706637234985587,0.0
0.24204007544686817,0.9907388598095458,0.0
1.9765213478887262,0.2369483888922458,1.0
-0.7226283575927434,0.6913199362706689,0.0
0.29317095727260145,-0.3308877908111498,1.0
0.7390471053333425,0.6647329843236732,0.0
1.5696335374240729,-0.36665251400075105,1.0
0.5804207768928972,0.8304795508726486,0.0
0.9349082735233145,0.2301518147763661,0.0
-0.9537446352544996,0.25008990865032404,0.0
-0.6533997807288996,0.6831720747280644,0.0
0.17484684061487094,-0.008149902225668554,1.0
0.759546825007838,-0.4548410333788623,1.0
-0.8194878400338719,0.485082330864831,0.0
-0.9451978054205179,0.41821884152626587,0.0
2.02055363853012,0.2492513369138142,1.0
0.07759132488584197,0.27744956566256157,1.0
0.04456282840353207,0.9428911116232743,0.0
1.3360189621749783,-0.5800044501613955,1.0
2.006724936752051,0.42671091258488497,1.0
1.916166819854471,0.2003717590760136,1.0
-0.7252275383557499,0.7366676555134544,0.0
1.3364344554179621,-0.4577301238036877,1.0
1.5401666206612092,-0.3337952451695071,1.0
1.00039410447938,-0.5821848620594176,1.0
-0.24828704008471847,0.9648601217006814,0.0
0.7486821963950155,-0.5234830962804954,1.0
0.8934604723605666,0.48891001160812236,0.0
-0.6911356126827196,0.8540324703988793,0.0
-0.4799439630282915,0.8389025813988996,0.0
1.8612708705256882,0.10996526023639884,1.0
-0.9727978692296155,0.40764156351053904,0.0
0.6023167458405476,0.8276868226815041,0.0
-1.0775404607475814,0.15648512775629156,0.0
-0.2542697747470093,0.9554621167133921,0.0
1.5714692465771591,-0.278539679698193,1.0
0.8967119511592926,0.39696037725640604,0.0
1.3805823857881765,-0.4154997325895768,1.0
1.819401533252948,0.033232426776489576,1.0
-0.10661764032136456,0.9408774289188573,0.0
0.0025648550359692046,0.026563423394417716,1.0
0.9711051770284683,-0.4134799143575053,1.0
0.7854477920644751,0.6563951856732148,0.0
1.5459724716272876,-0.3276898439686434,1.0
1.4663427059737746,-0.40777491053029435,1.0
0.41426756567444045,-0.22416583834173404,1.0
-0.39864451988810223,0.8304823365632572,0.0
1.617690847674461,-0.20076834052550963,1.0
0.6567443021185688,0.6434871771387167,0.0
-0.7306436114405002,0.702072354954999,0.0
0.020035585267290396,0.24868464972326904,1.0
0.08696345137453844,0.1974318488247797,1.0
0.3653222539620403,-0.21561017120084242,1.0
0.899709428595566,0.22365203890823773,0.0
-0.6258764956231321,0.904878749755328,0.0
-1.0005291071448665,0.12001644156193185,0.0
1.330875764271908,-0.4303367851621525,1.0
0.8898845361878698,-0.5574554127633757,1.0
1.839653661890682,-0.19966612441307846,1.0
0.613476463034433,0.7611951216608297,0.0
0.41222805771709986,-0.35957589806247503,1.0
0.2049068147936586,1.0124003512038464,0.0
0.257617115285741,0.8671380195133391,0.0
0.28569542247858937,0.8714294682488907,0.0
-0.8659453481361379,0.47541646673082044,0.0
0.278515146246611,0.9343684708710281,0.0
1.7831149759756741,-0.15116166474895268,1.0
-1.0071592152461306,0.2971211404501741,0.0
1.0915956517852576,-0.5175908979684415,1.0
0.029456094700009844,0.1776716411442122,1.0
-0.07468293714232074,0.5346876011230198,1.0
-0.9826285572285762,0.2784428263345733,0.0
1.6687718250528667,-0.2921296399505405,1.0
0.19648292927543262,0.09691108278535857,1.0
0.09170453331575672,0.9533628492650171,0.0
-0.20306347510462897,0.8732649518545494,0.0
-0.1813834655073978,0.9923988618145216,0.0
-0.20673259893586968,0.9589927206500101,0.0
0.8086857940789574,0.6309058821300081,0.0
0.2638836983414832,-0.11548969780882998,1.0
-0.03581383362136418,0.37600482357769827,1.0
0.9555589925867922,0.40585014677413384,0.0
-0.9032227887726936,0.4812106855914448,0.0
-0.19762638312925837,1.033119464227238,0.0
0.6814821978762354,-0.5362399655516585,1.0
1.698591899964132,-0.17687974584173669,1.0
-0.8145047289782095,0.6229144910549603,0.0
0.12384717348896357,-0.15539790948992382,1.0
